id,url,domain,global_rank,country,country_rank,category,category_rank,sep_2023_visits,oct_2023_visits,nov_2023_visits,bounce_rate,pages_per_visit,monthly_visits,avg_visit_duration,country1,country1_percentage,country2,country2_percentage,country3,country3_percentage,country4,country4_percentage,country5,country5_percentage
1,https://lobstr.io,lobstr.io,2665644,France,175345,Computers Electronics and Technology > Programming and Developer Software (In France),3651,6800,12700,9300,30.09%,5.03,9300,00:05:23,France,69.46%,Germany,18.48%,Indonesia,4.68%,Switzerland,2.59%,Pakistan,2.09%
2,https://iproyal.com,,,,,,,,,,,,,,,,,,,,,,,
3,https://techjury.net,,,,,,,,,,,,,,,,,,,,,,,
4,https://timesofindia.indiatimes.com,,,,,,,,,,,,,,,,,,,,,,,
5,https://www.botsol.com,,,,,,,,,,,,,,,,,,,,,,,
6,https://www.scrapehero.com,,,,,,,,,,,,,,,,,,,,,,,
7,https://appsumo.com,,,,,,,,,,,,,,,,,,,,,,,
8,https://slashdot.org,,,,,,,,,,,,,,,,,,,,,,,
9,https://appleinsider.com,,,,,,,,,,,,,,,,,,,,,,,
10,https://www.browserless.io,,,,,,,,,,,,,,,,,,,,,,,
11,https://www.freelancer.in,,,,,,,,,,,,,,,,,,,,,,,
12,https://www.espon.eu,,,,,,,,,,,,,,,,,,,,,,,
13,https://8e2lmswta.daemmerts.de,,,,,,,,,,,,,,,,,,,,,,,
14,https://twittercommunity.com,,,,,,,,,,,,,,,,,,,,,,,
15,https://lobstr.io,,,,,,,,,,,,,,,,,,,,,,,
16,https://dripify.io,,,,,,,,,,,,,,,,,,,,,,,
17,https://www.bizprospex.com,,,,,,,,,,,,,,,,,,,,,,,
18,https://ozulp.ruka-haustechnik.de,,,,,,,,,,,,,,,,,,,,,,,
19,https://prospectapi.com,,,,,,,,,,,,,,,,,,,,,,,
20,https://www.datascrap.io,,,,,,,,,,,,,,,,,,,,,,,
21,https://geonode.com,,,,,,,,,,,,,,,,,,,,,,,
22,https://webautomation.io,,,,,,,,,,,,,,,,,,,,,,,
23,https://uisxt.zwrotmarket.pl,,,,,,,,,,,,,,,,,,,,,,,
24,https://earthweb.com,,,,,,,,,,,,,,,,,,,,,,,
25,https://www.dexxter.fr,,,,,,,,,,,,,,,,,,,,,,,
26,https://www.kaggle.com,,,,,,,,,,,,,,,,,,,,,,,
27,https://nycdatascience.com,,,,,,,,,,,,,,,,,,,,,,,
28,https://prospectss.com,,,,,,,,,,,,,,,,,,,,,,,
29,https://www.bitdefender.com,,,,,,,,,,,,,,,,,,,,,,,
30,https://pixeljets.com,,,,,,,,,,,,,,,,,,,,,,,
31,https://www.parsehub.com,,,,,,,,,,,,,,,,,,,,,,,
32,https://mrvxhuwja.bms-ka.de,,,,,,,,,,,,,,,,,,,,,,,
33,https://www.cherrypicksreviews.com,,,,,,,,,,,,,,,,,,,,,,,
34,https://groupbwt.com,,,,,,,,,,,,,,,,,,,,,,,
35,https://www.lemlist.com,,,,,,,,,,,,,,,,,,,,,,,
36,https://www.planetnocode.com,,,,,,,,,,,,,,,,,,,,,,,
37,https://www.slideserve.com,,,,,,,,,,,,,,,,,,,,,,,
38,https://utstat.toronto.edu,,,,,,,,,,,,,,,,,,,,,,,
39,https://www.savoie-mont-blanc.com,,,,,,,,,,,,,,,,,,,,,,,
40,https://www.riviera-data.com,,,,,,,,,,,,,,,,,,,,,,,
41,https://lagrowthmachine.com,,,,,,,,,,,,,,,,,,,,,,,
42,https://g6sfzd2d.die-tanzparty.de,,,,,,,,,,,,,,,,,,,,,,,
43,https://www.tiktok.com,,,,,,,,,,,,,,,,,,,,,,,
44,https://www.rapidseedbox.com,,,,,,,,,,,,,,,,,,,,,,,
45,https://www.upwork.com,,,,,,,,,,,,,,,,,,,,,,,
46,https://www.scraping-bot.io,,,,,,,,,,,,,,,,,,,,,,,
47,https://twitter.com,,,,,,,,,,,,,,,,,,,,,,,
48,https://techcommunity.microsoft.com,,,,,,,,,,,,,,,,,,,,,,,
49,https://forum.knime.com,,,,,,,,,,,,,,,,,,,,,,,
50,https://pub.towardsai.net,,,,,,,,,,,,,,,,,,,,,,,
51,https://saleshigher.com,,,,,,,,,,,,,,,,,,,,,,,
52,https://cybernews.com,,,,,,,,,,,,,,,,,,,,,,,
53,https://forum.webscraper.io,,,,,,,,,,,,,,,,,,,,,,,
54,https://www.reddit.com,,,,,,,,,,,,,,,,,,,,,,,
55,https://serpdog.io,,,,,,,,,,,,,,,,,,,,,,,
56,https://community.make.com,,,,,,,,,,,,,,,,,,,,,,,
57,https://www.dropcontact.com,,,,,,,,,,,,,,,,,,,,,,,
58,https://www.lemondedudroit.fr,,,,,,,,,,,,,,,,,,,,,,,
59,https://www.leadgibbon.com,,,,,,,,,,,,,,,,,,,,,,,
60,https://www.getmagical.com,,,,,,,,,,,,,,,,,,,,,,,
61,https://hackernoon.com,,,,,,,,,,,,,,,,,,,,,,,
62,https://7v7dpgg6g.syrena-divers.de,,,,,,,,,,,,,,,,,,,,,,,
63,https://os2int.com,,,,,,,,,,,,,,,,,,,,,,,
64,https://scrapingant.com,,,,,,,,,,,,,,,,,,,,,,,
65,https://proxyway.com,,,,,,,,,,,,,,,,,,,,,,,
66,https://www.growmeorganic.com,,,,,,,,,,,,,,,,,,,,,,,
67,https://www.forbes.com,,,,,,,,,,,,,,,,,,,,,,,
68,https://www.scraperapi.com,,,,,,,,,,,,,,,,,,,,,,,
69,https://community.hubspot.com,,,,,,,,,,,,,,,,,,,,,,,
70,https://www.quora.com,,,,,,,,,,,,,,,,,,,,,,,
71,https://abkxvxfw7.felifoto.de,,,,,,,,,,,,,,,,,,,,,,,
72,https://www.growthhacking.fr,,,,,,,,,,,,,,,,,,,,,,,
73,https://www.piloterr.com,,,,,,,,,,,,,,,,,,,,,,,
74,https://www.ndtv.com,,,,,,,,,,,,,,,,,,,,,,,
75,https://www.placedata.net,,,,,,,,,,,,,,,,,,,,,,,
76,https://eightify.app,,,,,,,,,,,,,,,,,,,,,,,
77,https://www.proxyvpn.fr,,,,,,,,,,,,,,,,,,,,,,,
78,https://books.google.com,,,,,,,,,,,,,,,,,,,,,,,
79,https://www.trickster.dev,,,,,,,,,,,,,,,,,,,,,,,
80,https://news.ycombinator.com,,,,,,,,,,,,,,,,,,,,,,,
81,https://www.webharvy.com,,,,,,,,,,,,,,,,,,,,,,,
82,https://ligasertiy.eu,,,,,,,,,,,,,,,,,,,,,,,
83,https://www.leboncoin.fr,,,,,,,,,,,,,,,,,,,,,,,
84,https://evaboot.com,,,,,,,,,,,,,,,,,,,,,,,
85,https://datashaker.io,,,,,,,,,,,,,,,,,,,,,,,
86,https://www.thelocal.fr,,,,,,,,,,,,,,,,,,,,,,,
87,https://crawlbase.com,,,,,,,,,,,,,,,,,,,,,,,
88,https://salestq.com.au,,,,,,,,,,,,,,,,,,,,,,,
89,https://medevel.com,,,,,,,,,,,,,,,,,,,,,,,
90,https://codecanyon.net,,,,,,,,,,,,,,,,,,,,,,,
91,https://salesflow.io,,,,,,,,,,,,,,,,,,,,,,,
92,https://digiliterate.com,,,,,,,,,,,,,,,,,,,,,,,
93,https://blog.apify.com,,,,,,,,,,,,,,,,,,,,,,,
94,https://builtin.com,,,,,,,,,,,,,,,,,,,,,,,
95,https://www.insg.co,,,,,,,,,,,,,,,,,,,,,,,
96,https://python.plainenglish.io,,,,,,,,,,,,,,,,,,,,,,,
97,https://www.socialmediatoday.com,,,,,,,,,,,,,,,,,,,,,,,
98,https://goldpenguin.org,,,,,,,,,,,,,,,,,,,,,,,
99,https://www.dsavocats.com,,,,,,,,,,,,,,,,,,,,,,,
100,https://ieeexplore.ieee.org,,,,,,,,,,,,,,,,,,,,,,,
101,https://www.nixonpeabody.com,,,,,,,,,,,,,,,,,,,,,,,
102,https://blog.supersend.io,,,,,,,,,,,,,,,,,,,,,,,
103,https://useartemis.co,,,,,,,,,,,,,,,,,,,,,,,
104,https://www.digitallaunchpad.net,,,,,,,,,,,,,,,,,,,,,,,
105,https://rcourivaud.github.io,,,,,,,,,,,,,,,,,,,,,,,
106,https://czxmwhgbf.daemmerts.de,,,,,,,,,,,,,,,,,,,,,,,
107,https://www.royfrancis.com,,,,,,,,,,,,,,,,,,,,,,,
108,https://www.mapleadscraper.com,,,,,,,,,,,,,,,,,,,,,,,
109,https://proxyscrape.com,,,,,,,,,,,,,,,,,,,,,,,
110,https://anyleads.com,,,,,,,,,,,,,,,,,,,,,,,
111,https://outscraper.com,,,,,,,,,,,,,,,,,,,,,,,
112,https://techcrunch.com,,,,,,,,,,,,,,,,,,,,,,,
113,https://gzbetramc.caeciliegantevoort.de,,,,,,,,,,,,,,,,,,,,,,,
114,https://www.financialexpress.com,,,,,,,,,,,,,,,,,,,,,,,
115,https://derrick-app.com,,,,,,,,,,,,,,,,,,,,,,,
116,https://apify.com,,,,,,,,,,,,,,,,,,,,,,,
117,https://www.grabltd.com,,,,,,,,,,,,,,,,,,,,,,,
118,https://dxgqftvbo.karwia-pasat.pl,,,,,,,,,,,,,,,,,,,,,,,
119,https://www.worthwebscraping.com,,,,,,,,,,,,,,,,,,,,,,,
120,https://www.theverge.com,,,,,,,,,,,,,,,,,,,,,,,
121,https://proxyempire.io,,,,,,,,,,,,,,,,,,,,,,,
122,https://pythoncircle.com,,,,,,,,,,,,,,,,,,,,,,,
123,https://yzdpknctr.ruka-haustechnik.de,,,,,,,,,,,,,,,,,,,,,,,
124,https://igleads.io,,,,,,,,,,,,,,,,,,,,,,,
125,https://henordias.com,,,,,,,,,,,,,,,,,,,,,,,
126,https://nodatanobusiness.com,,,,,,,,,,,,,,,,,,,,,,,
127,https://www.codementor.io,,,,,,,,,,,,,,,,,,,,,,,
128,https://scrapy.ninja,,,,,,,,,,,,,,,,,,,,,,,
129,https://www.researchgate.net,,,,,,,,,,,,,,,,,,,,,,,
130,https://guides.temple.edu,,,,,,,,,,,,,,,,,,,,,,,
131,https://increditools.com,,,,,,,,,,,,,,,,,,,,,,,
132,https://blog.leadstal.com,,,,,,,,,,,,,,,,,,,,,,,
133,https://www.bestproxyreviews.com,,,,,,,,,,,,,,,,,,,,,,,
134,https://gis.stackexchange.com,,,,,,,,,,,,,,,,,,,,,,,
135,https://www.natasshaselvaraj.com,,,,,,,,,,,,,,,,,,,,,,,
136,https://www.actowizsolutions.com,,,,,,,,,,,,,,,,,,,,,,,
137,https://www.wpwebify.com,,,,,,,,,,,,,,,,,,,,,,,
138,https://habbedia.wiki,,,,,,,,,,,,,,,,,,,,,,,
139,https://scrapingrobot.com,,,,,,,,,,,,,,,,,,,,,,,
140,https://mayyada.wiki,,,,,,,,,,,,,,,,,,,,,,,
141,https://botster.io,,,,,,,,,,,,,,,,,,,,,,,
142,https://mobyacesi.eu,,,,,,,,,,,,,,,,,,,,,,,
143,https://github.com,,,,,,,,,,,,,,,,,,,,,,,
144,https://forums.fast.ai,,,,,,,,,,,,,,,,,,,,,,,
145,https://serpapi.com,,,,,,,,,,,,,,,,,,,,,,,
146,https://www.tweetscrape.com,,,,,,,,,,,,,,,,,,,,,,,
147,https://scrapingfish.com,,,,,,,,,,,,,,,,,,,,,,,
148,https://betterprogramming.pub,,,,,,,,,,,,,,,,,,,,,,,
149,https://www.dux-soup.com,,,,,,,,,,,,,,,,,,,,,,,
150,https://www.iwebscraping.com,,,,,,,,,,,,,,,,,,,,,,,
151,https://www.octoparse.fr,,,,,,,,,,,,,,,,,,,,,,,
152,https://bionicteaching.com,,,,,,,,,,,,,,,,,,,,,,,
153,https://www.scrapingbee.com,,,,,,,,,,,,,,,,,,,,,,,
154,https://scrapingexpert.com,,,,,,,,,,,,,,,,,,,,,,,
155,https://octopuscrm.io,,,,,,,,,,,,,,,,,,,,,,,
156,https://www.danielherediamejias.com,,,,,,,,,,,,,,,,,,,,,,,
157,https://www.beautyofsaas.com,,,,,,,,,,,,,,,,,,,,,,,
158,https://www.blackhatworld.com,,,,,,,,,,,,,,,,,,,,,,,
159,https://help.lyne.ai,,,,,,,,,,,,,,,,,,,,,,,
160,https://geekflare.com,,,,,,,,,,,,,,,,,,,,,,,
161,https://brightdata.fr,,,,,,,,,,,,,,,,,,,,,,,
162,https://www.vanityfair.com,,,,,,,,,,,,,,,,,,,,,,,
163,https://nubela.co,,,,,,,,,,,,,,,,,,,,,,,
164,https://www.pcdrome.com,,,,,,,,,,,,,,,,,,,,,,,
165,https://www.spylead.com,,,,,,,,,,,,,,,,,,,,,,,
166,https://data-ox.com,,,,,,,,,,,,,,,,,,,,,,,
167,https://www.egrabber.com,,,,,,,,,,,,,,,,,,,,,,,
168,https://thecleverprogrammer.com,,,,,,,,,,,,,,,,,,,,,,,
169,https://apiscrapy.com,,,,,,,,,,,,,,,,,,,,,,,
170,https://www.fiverr.com,,,,,,,,,,,,,,,,,,,,,,,
171,https://forum.dataminer.io,,,,,,,,,,,,,,,,,,,,,,,
172,https://martazaksi.wiki,,,,,,,,,,,,,,,,,,,,,,,
173,https://www.npmjs.com,,,,,,,,,,,,,,,,,,,,,,,
174,https://sites.google.com,,,,,,,,,,,,,,,,,,,,,,,
175,https://www.texau.com,,,,,,,,,,,,,,,,,,,,,,,
176,https://mpsocial.com,,,,,,,,,,,,,,,,,,,,,,,
177,https://www.tutorialspoint.com,,,,,,,,,,,,,,,,,,,,,,,
178,https://www.xbyte.io,,,,,,,,,,,,,,,,,,,,,,,
179,https://prospeo.io,,,,,,,,,,,,,,,,,,,,,,,
180,https://kubiarsrl.com,,,,,,,,,,,,,,,,,,,,,,,
181,https://www.foxbusiness.com,,,,,,,,,,,,,,,,,,,,,,,
182,https://www.businessinsider.com,,,,,,,,,,,,,,,,,,,,,,,
183,https://getsales.io,,,,,,,,,,,,,,,,,,,,,,,
184,https://www.loginworks.com,,,,,,,,,,,,,,,,,,,,,,,
185,https://pehqd.lenix-group.de,,,,,,,,,,,,,,,,,,,,,,,
186,https://www.pythonsimplified.org,,,,,,,,,,,,,,,,,,,,,,,
187,https://www.scrapia.io,,,,,,,,,,,,,,,,,,,,,,,
188,https://www.zeebiz.com,,,,,,,,,,,,,,,,,,,,,,,
189,https://gfwfr0g6g.syrena-divers.de,,,,,,,,,,,,,,,,,,,,,,,
190,https://www.linkedin.com,,,,,,,,,,,,,,,,,,,,,,,
191,https://research.aimultiple.com,,,,,,,,,,,,,,,,,,,,,,,
192,https://aimgroup.com,,,,,,,,,,,,,,,,,,,,,,,
193,https://xipysvqzf.sargodeatargatis.es,,,,,,,,,,,,,,,,,,,,,,,
194,https://scrupp.com,,,,,,,,,,,,,,,,,,,,,,,
195,https://www.kaspr.io,,,,,,,,,,,,,,,,,,,,,,,
196,https://chrome.google.com,,,,,,,,,,,,,,,,,,,,,,,
197,https://expandi.io,,,,,,,,,,,,,,,,,,,,,,,
198,https://axiom.ai,,,,,,,,,,,,,,,,,,,,,,,
199,https://www.reuters.com,,,,,,,,,,,,,,,,,,,,,,,
200,https://www.hertiecodingclub.com,,,,,,,,,,,,,,,,,,,,,,,
201,https://www.ahmadsoftware.com,,,,,,,,,,,,,,,,,,,,,,,
202,https://www.instagram.com,,,,,,,,,,,,,,,,,,,,,,,
203,https://www.appsloveworld.com,,,,,,,,,,,,,,,,,,,,,,,
204,https://support.google.com,,,,,,,,,,,,,,,,,,,,,,,
205,https://smartproxy.com,,,,,,,,,,,,,,,,,,,,,,,
206,https://groups.google.com,,,,,,,,,,,,,,,,,,,,,,,
207,https://www.ensembledata.com,,,,,,,,,,,,,,,,,,,,,,,
208,https://stevesie.com,,,,,,,,,,,,,,,,,,,,,,,
209,https://shs.hal.science,,,,,,,,,,,,,,,,,,,,,,,
210,https://leboncoin.en.uptodown.com,,,,,,,,,,,,,,,,,,,,,,,
211,https://www.engadget.com,,,,,,,,,,,,,,,,,,,,,,,
212,https://onwtvqkcx.lesun.es,,,,,,,,,,,,,,,,,,,,,,,
213,https://meetalfred.com,,,,,,,,,,,,,,,,,,,,,,,
214,https://www.octoparse.com,,,,,,,,,,,,,,,,,,,,,,,
215,https://coderanch.com,,,,,,,,,,,,,,,,,,,,,,,
216,https://letterdrop.com,,,,,,,,,,,,,,,,,,,,,,,
217,https://www.freecodecamp.org,,,,,,,,,,,,,,,,,,,,,,,
218,https://www.webscrapingapi.com,,,,,,,,,,,,,,,,,,,,,,,
219,https://www.pinterest.com,,,,,,,,,,,,,,,,,,,,,,,
220,https://dev.to,,,,,,,,,,,,,,,,,,,,,,,
221,https://scrapfly.io,,,,,,,,,,,,,,,,,,,,,,,
222,https://forum.pragmaticentrepreneurs.com,,,,,,,,,,,,,,,,,,,,,,,
223,https://guides.lib.utexas.edu,,,,,,,,,,,,,,,,,,,,,,,
224,https://corrucane.wiki,,,,,,,,,,,,,,,,,,,,,,,
225,https://rapidapi.com,,,,,,,,,,,,,,,,,,,,,,,
226,https://codereview.stackexchange.com,,,,,,,,,,,,,,,,,,,,,,,
227,https://www.quicklead.io,,,,,,,,,,,,,,,,,,,,,,,
228,https://mapsscraper.com,,,,,,,,,,,,,,,,,,,,,,,
229,https://wiza.co,,,,,,,,,,,,,,,,,,,,,,,
230,https://idc9.github.io,,,,,,,,,,,,,,,,,,,,,,,
231,https://rpubs.com,,,,,,,,,,,,,,,,,,,,,,,
232,https://www.proinfluent.com,,,,,,,,,,,,,,,,,,,,,,,
233,https://www.reblaze.com,,,,,,,,,,,,,,,,,,,,,,,
234,https://www.august-debouzy.com,,,,,,,,,,,,,,,,,,,,,,,
235,https://mdl.library.utoronto.ca,,,,,,,,,,,,,,,,,,,,,,,
236,https://pypi.org,,,,,,,,,,,,,,,,,,,,,,,
237,https://www.continuus-technologies.com,,,,,,,,,,,,,,,,,,,,,,,
238,https://www.linkedhelper.com,,,,,,,,,,,,,,,,,,,,,,,
239,https://cplzxkt.stadonawypadzie.pl,,,,,,,,,,,,,,,,,,,,,,,
240,https://stackoverflow.com,,,,,,,,,,,,,,,,,,,,,,,
241,https://polstiras.com,,,,,,,,,,,,,,,,,,,,,,,
242,https://kwork.com,,,,,,,,,,,,,,,,,,,,,,,
243,https://threebrothers.shop,,,,,,,,,,,,,,,,,,,,,,,
244,https://bdtoamuvc.hwk-chemie.de,,,,,,,,,,,,,,,,,,,,,,,
245,https://www.socialscrape.com,,,,,,,,,,,,,,,,,,,,,,,
246,https://www.findymail.com,,,,,,,,,,,,,,,,,,,,,,,
247,https://www.theregister.com,,,,,,,,,,,,,,,,,,,,,,,
248,https://www.youtube.com,,,,,,,,,,,,,,,,,,,,,,,
249,https://scrape-it.cloud,,,,,,,,,,,,,,,,,,,,,,,
250,https://hexomatic.com,,,,,,,,,,,,,,,,,,,,,,,
251,https://www.coderchamp.com,,,,,,,,,,,,,,,,,,,,,,,
252,https://medium.com,,,,,,,,,,,,,,,,,,,,,,,
253,https://davidlebovitz.substack.com,,,,,,,,,,,,,,,,,,,,,,,
254,https://psyteachr.github.io,,,,,,,,,,,,,,,,,,,,,,,
255,https://www.freelancer.com,,,,,,,,,,,,,,,,,,,,,,,
256,https://chrismakara.com,,,,,,,,,,,,,,,,,,,,,,,
257,https://www.thehindu.com,,,,,,,,,,,,,,,,,,,,,,,
258,https://bonetrade.github.io,,,,,,,,,,,,,,,,,,,,,,,
259,https://www.promptcloud.com,,,,,,,,,,,,,,,,,,,,,,,
260,https://www.guru.com,,,,,,,,,,,,,,,,,,,,,,,
261,https://brightdata.com,,,,,,,,,,,,,,,,,,,,,,,
262,https://pitchground.com,,,,,,,,,,,,,,,,,,,,,,,
263,https://www.marketerrakib.com,,,,,,,,,,,,,,,,,,,,,,,
264,https://cms.law,,,,,,,,,,,,,,,,,,,,,,,
265,https://hcommons.org,,,,,,,,,,,,,,,,,,,,,,,
266,https://webrobots.io,,,,,,,,,,,,,,,,,,,,,,,
267,https://www.thehindubusinessline.com,,,,,,,,,,,,,,,,,,,,,,,
268,https://salesbread.com,,,,,,,,,,,,,,,,,,,,,,,
269,https://about.fb.com,,,,,,,,,,,,,,,,,,,,,,,
270,https://jbinfo.github.io,,,,,,,,,,,,,,,,,,,,,,,
271,https://bestgmapscraper.com,,,,,,,,,,,,,,,,,,,,,,,
272,https://www.wionews.com,,,,,,,,,,,,,,,,,,,,,,,
273,https://chris-greening.github.io,,,,,,,,,,,,,,,,,,,,,,,
274,https://www.geeksforgeeks.org,,,,,,,,,,,,,,,,,,,,,,,
275,https://lix-it.com,,,,,,,,,,,,,,,,,,,,,,,
276,https://gologin.com,,,,,,,,,,,,,,,,,,,,,,,
277,https://towardsdatascience.com,,,,,,,,,,,,,,,,,,,,,,,
278,https://forum.uipath.com,,,,,,,,,,,,,,,,,,,,,,,
279,https://phantombuster.com,,,,,,,,,,,,,,,,,,,,,,,
280,https://help.instantly.ai,,,,,,,,,,,,,,,,,,,,,,,
281,https://www.scrapster.io,,,,,,,,,,,,,,,,,,,,,,,
282,https://fr.quora.com,,,,,,,,,,,,,,,,,,,,,,,
283,https://infatica.io,,,,,,,,,,,,,,,,,,,,,,,
284,https://www.capterra.com,,,,,,,,,,,,,,,,,,,,,,,
285,https://dataconomy.com,,,,,,,,,,,,,,,,,,,,,,,
286,https://data365.co,,,,,,,,,,,,,,,,,,,,,,,
287,https://www.uggc.com,,,,,,,,,,,,,,,,,,,,,,,
288,https://webscraping.blog,,,,,,,,,,,,,,,,,,,,,,,
289,https://www.scrapingdog.com,,,,,,,,,,,,,,,,,,,,,,,
290,https://prospectingtoolkit.com,,,,,,,,,,,,,,,,,,,,,,,
291,https://www.ipburger.com,,,,,,,,,,,,,,,,,,,,,,,
292,https://hw4gtx0oo.deroni.pl,,,,,,,,,,,,,,,,,,,,,,,
293,https://qmsyp.naturheilpraxis-rita-sauter.de,,,,,,,,,,,,,,,,,,,,,,,
294,https://www.bardeen.ai,,,,,,,,,,,,,,,,,,,,,,,
295,https://webscraping.ai,,,,,,,,,,,,,,,,,,,,,,,